Address,Latitude,Longitude,X,Y,Distance from center
"39 Villa Moderne, Arcueil, 94110",48.808308829865474,2.3269557623738377,-429434.674999763,5484092.610533454,5992.495306631506
"23bis Rue Vaucouleurs, Arcueil, 94110",48.809199675892415,2.3349284740892564,-428834.674999763,5484092.610533454,5840.3767001795895
"Gentilly, 94250",48.81008998238444,2.3429015766463053,-428234.674999763,5484092.610533454,5747.173218200459
"Le Kremlin-Bicêtre, 94270",48.81097974927503,2.3508750698328114,-427634.674999763,5484092.610533454,5715.767664977349
"21 Rue de la Convention, Le Kremlin-Bicêtre, 94270",48.811868976497735,2.358848953436525,-427034.674999763,5484092.610533454,5747.173218200459
"Rue Paul Andrieux, Ivry-sur-Seine, 94200",48.81275766398613,2.366823227245133,-426434.674999763,5484092.610533454,5840.3767001795895
"1 Cité Pierre et Marie Curie, Ivry-sur-Seine, 94200",48.81364581167382,2.3747978910462395,-425834.674999763,5484092.610533454,5992.495306631506
"45 Rue Fénelon, Montrouge, 92120",48.811531718540024,2.3138278603624007,-430334.674999763,5484612.225775725,5855.7663887829085
"Square Buffalo, Montrouge, 92120",48.812423516010725,2.321800671815356,-429734.674999763,5484612.225775725,5604.462507680789
"Avenue Vladimir Ilitch Lénine, Gentilly, 94250",48.81331477396526,2.3297738745522807,-429134.674999763,5484612.225775725,5408.32691319595
NO ADDRESS,48.814205492337074,2.3377474683610506,-428534.674999763,5484612.225775725,5273.518749374049
"13 Avenue Paul Vaillant-Couturier, Gentilly, 94250",48.81509567105964,2.345721453029472,-427934.674999763,5484612.225775725,5204.8054718692065
"4 Allée des Platanes, Gentilly, 94250",48.81598531006645,2.3536958283452694,-427334.674999763,5484612.225775725,5204.8054718692065
"Paris, 75013",48.816874409291046,2.3616705940961094,-426734.674999763,5484612.225775725,5273.518749374049
"15 Rue Bizet, Ivry-sur-Seine, 94200",48.817762968667,2.36964575006958,-426134.674999763,5484612.225775725,5408.32691319595
"34 Rue Antoine Thomas, Ivry-sur-Seine, 94200",48.81865098812792,2.377621296053197,-425534.674999763,5484612.225775725,5604.462507680789
NO ADDRESS,48.81953846760744,2.385597231834401,-424934.674999763,5484612.225775725,5855.7663887829085
"11 Avenue Irène et Frédéric Joliot-Curie, Malakoff, 92240",48.814752941938885,2.300698486350021,-431234.674999763,5485131.841017996,5901.694671871702
"6 Rue Arthur Auger, Montrouge, 92120",48.815645690971564,2.3086713968496224,-430634.674999763,5485131.841017996,5556.077753235535
"8 Passage du Manège, Montrouge, 92120",48.816537900507,2.316644699075595,-430034.674999763,5485131.841017996,5256.424640380458
"5 Rue Gabriel Péri, Montrouge, 92120",48.817429570478524,2.324618392815874,-429434.674999763,5485131.841017996,5010.987926546903
"Autoroute du Soleil, 75014",48.81832070081956,2.3325924778583107,-428834.674999763,5485131.841017996,4828.043081829203
NO ADDRESS,48.819211291463525,2.3405669539906815,-428234.674999763,5485131.841017996,4714.870093650389
"Boulevard Kellermann, 75013",48.82010134234388,2.348541821000698,-427634.674999763,5485131.841017996,4676.537180435844
"63 Rue du Moulin de la Pointe, 75013",48.82099085339415,2.3565170786760037,-427034.674999763,5485131.841017996,4714.870093650389
"7 Place de Vénétie, 75013",48.82187982454784,2.364492726804155,-426434.674999763,5485131.841017996,4828.043081829203
"46 Boulevard Masséna, 75013",48.822768255738545,2.372468765172654,-425834.674999763,5485131.841017996,5010.987926546903
"Boulevard Périphérique, 75013",48.82365614689986,2.3804451935689164,-425234.674999763,5485131.841017996,5256.424640380458
NO ADDRESS,48.8245434979654,2.3884220117803006,-424634.674999763,5485131.841017996,5556.077753235535
"Charenton-le-Pont, 94220",48.825430308868874,2.3963992195940773,-424034.674999763,5485131.841017996,5901.694671871702
"3 Rue Léon Salagnac, Malakoff, 92240",48.81886620033326,2.295540649937924,-431534.674999763,5485651.456260267,5699.999999999844
"6 Rue François Belloeuvre, Malakoff, 92240",48.819759361567755,2.30351405096178,-430934.674999763,5485651.456260267,5307.541803886072
"42 Avenue Pierre Brossolette, Malakoff, 92240",48.82065198325731,2.311487843942461,-430334.674999763,5485651.456260267,4956.813492557312
"Boulevard Périphérique, 75014",48.821544065335246,2.3194620286678687,-429734.674999763,5485651.456260267,4657.2524088778155
NO ADDRESS,48.82243560773492,2.3274366049258393,-429134.674999763,5485651.456260267,4419.275958796668
"2 Rue Georges Braque, 75014",48.82332661038972,2.335411572504128,-428534.674999763,5485651.456260267,4253.234063627137
"90 Rue Brillat-Savarin, 75013",48.82421707323309,2.3433869311904263,-427934.674999763,5485651.456260267,4167.733196834727
"21 Rue Charles Fourier, 75013",48.825106996198485,2.3513626807723447,-427334.674999763,5485651.456260267,4167.733196834727
"139 Rue de Tolbiac, 75013",48.82599637921942,2.359338821037432,-426734.674999763,5485651.456260267,4253.234063627137
"85 Rue de Tolbiac, 75013",48.826885222229414,2.3673153517731507,-426134.674999763,5485651.456260267,4419.275958796668
NO ADDRESS,48.82777352516203,2.375292272766914,-425534.674999763,5485651.456260267,4657.2524088778155
"8 Rue Alice Domon et Léonie Duquet, 75013",48.82866128795087,2.38326958380604,-424934.674999763,5485651.456260267,4956.813492557312
"18 Boulevard Poniatowski, 75012",48.82954851052958,2.3912472846777875,-424334.674999763,5485651.456260267,5307.541803886072
"12 Avenue de la Porte de Charenton, 75012",48.83043519283183,2.399225375169344,-423734.674999763,5485651.456260267,5699.999999999844
"41 Rue Sadi Carnot, Vanves, 92170",48.822979156705884,2.2903819309571922,-431834.674999763,5486171.0715025375,5556.077753235441
"104 Rue Jean Bleuzen, Vanves, 92170",48.823872730231564,2.2983558224868226,-431234.674999763,5486171.0715025375,5117.616632769378
NO ADDRESS,48.824765764164646,2.3063301062038204,-430634.674999763,5486171.0715025375,4714.870093650278
"66 Boulevard Brune, 75014",48.825658258438395,2.3143047818960634,-430034.674999763,5486171.0715025375,4357.751713899931
"48 Résidence Jean Moulin, 75014",48.826550212986135,2.3222798493513737,-429434.674999763,5486171.0715025375,4058.3247775403324
"3 Square Louise et Tony, 75014",48.82744162774124,2.3302553083574797,-428834.674999763,5486171.0715025375,3830.1436004408224
"Paris, 75014",48.828332502637075,2.338231158702041,-428234.674999763,5486171.0715025375,3686.461718233052
"13 Rue Vergniaud, 75013",48.829222837607105,2.346207400172658,-427634.674999763,5486171.0715025375,3637.306695894338
NO ADDRESS,48.83011263258474,2.354184032556854,-427034.674999763,5486171.0715025375,3686.461718233052
NO ADDRESS,48.83100188750355,2.362161055642075,-426434.674999763,5486171.0715025375,3830.1436004408224
"13 Rue Duchefdelaville, 75013",48.831890602297,2.370138469215697,-425834.674999763,5486171.0715025375,4058.3247775403324
"8 Rue Émile Durkheim, 75013",48.83277877689868,2.378116273065025,-425234.674999763,5486171.0715025375,4357.751713899931
"1 Rue de l'Ambroisie, 75012",48.83366641124219,2.3860944669772963,-424634.674999763,5486171.0715025375,4714.870093650278
"291 Rue de Charenton, 75012",48.834553505261155,2.3940730507396695,-424034.674999763,5486171.0715025375,5117.616632769378
"62 Avenue du Général Michel Bizot, 75012",48.835440058889255,2.4020520241392367,-423434.674999763,5486171.0715025375,5556.077753235441
NO ADDRESS,48.82619728547991,2.2772483398090664,-432734.674999763,5486690.686744807,5977.457653551663
"14 Rue Gabrielle d'Estrées, Vanves, 92170",48.82709181095967,2.2852223291958356,-432134.674999763,5486690.686744807,5474.486277268704
"13 Rue du Général Guillaumat, 75015",48.82798579686596,2.2931967112126834,-431534.674999763,5486690.686744807,4992.995093128307
"167 Boulevard Lefebvre, 75015",48.82887924313195,2.301171485647535,-430934.674999763,5486690.686744807,4539.823785126836
"180 Rue des Jonquilles, 75014",48.82977214969094,2.3091466522882556,-430334.674999763,5486690.686744807,4124.3181254606625
"5 Rue Bardinet, 75014",48.83066451647619,2.3171222109226273,-429734.674999763,5486690.686744807,3758.9892258429463
NO ADDRESS,48.831556343421035,2.3250981613383668,-429134.674999763,5486690.686744807,3459.7687784017235
"8 Avenue René Coty, 75014",48.83244763045883,2.3330745033231137,-428534.674999763,5486690.686744807,3244.996147918107
"42 Rue de la Santé, 75014",48.833338377522956,2.341051236664442,-427934.674999763,5486690.686744807,3132.0919526737002
"19 Rue des Cordelières, 75013",48.83422858454684,2.3490283611498537,-427334.674999763,5486690.686744807,3132.0919526737002
"13 Rue Watteau, 75013",48.83511825146396,2.3570058765667685,-426734.674999763,5486690.686744807,3244.996147918107
"Paris, 75013",48.836007378207775,2.364983782702543,-426134.674999763,5486690.686744807,3459.7687784017235
NO ADDRESS,48.83689596471185,2.3729620793444672,-425534.674999763,5486690.686744807,3758.9892258429463
"57P Rue Paul Belmondo, 75012",48.837784010909715,2.380940766279747,-424934.674999763,5486690.686744807,4124.3181254606625
"74 Boulevard de Bercy, 75012",48.838671516735,2.388919843295515,-424334.674999763,5486690.686744807,4539.823785126836
"54 Boulevard de Reuilly, 75012",48.839558482121305,2.3968993101788496,-423734.674999763,5486690.686744807,4992.995093128307
"124 Avenue du Général Michel Bizot, 75012",48.84044490700232,2.404879166716741,-423134.674999763,5486690.686744807,5474.486277268704
"23 Avenue Émile Laurent, 75012",48.84133079131175,2.4128594126961107,-422534.674999763,5486690.686744807,5977.457653551663
NO ADDRESS,48.83030922500023,2.272087364817211,-433034.674999763,5487210.301987078,5992.4953066316475
"2 Rue Éliane Jeannin-Gareau, Issy-les-Moulineaux, 92130",48.83120416299758,2.2800618444418266,-432434.674999763,5487210.301987078,5458.021619598288
"Place de la Porte de Versailles, 75015",48.83209856137383,2.2880367169272664,-431834.674999763,5487210.301987078,4938.623289946534
"10 Rue Montauban, 75015",48.83299242006218,2.2960119820614415,-431234.674999763,5487210.301987078,4439.5945760848845
"42 Rue Brancion, 75015",48.83388573899583,2.303987639632197,-430634.674999763,5487210.301987078,3968.626966597179
"89 Rue de la Procession, 75015",48.834778518108045,2.311963689427286,-430034.674999763,5487210.301987078,3536.947836765808
NO ADDRESS,48.835670757332096,2.3199401312344143,-429434.674999763,5487210.301987078,3160.69612585619
"3 Rue Émile Richard, 75014",48.83656245660131,2.3279169648411893,-428834.674999763,5487210.301987078,2861.8176042512437
"17 Rue Cassini, 75014",48.83745361584904,2.335894190035169,-428234.674999763,5487210.301987078,2666.458325195113
"Paris, 75005",48.83834423500868,2.343871806603821,-427634.674999763,5487210.301987078,2598.076211353764
"10 Square Adanson, 75005",48.83923431401363,2.351849814334562,-427034.674999763,5487210.301987078,2666.458325195113
"17 Rue Poliveau, 75005",48.84012385279736,2.359828213014716,-426434.674999763,5487210.301987078,2861.8176042512437
NO ADDRESS,48.84101285129339,2.367807002431548,-425834.674999763,5487210.301987078,3160.69612585619
"29 Rue Villiot, 75012",48.8419013094352,2.375786182372238,-425234.674999763,5487210.301987078,3536.947836765808
"70Bis Rue du Charolais, 75012",48.84278922715637,2.383765752623916,-424634.674999763,5487210.301987078,3968.626966597179
"99Ter Rue de Reuilly, 75012",48.84367660439052,2.3917457129736124,-424034.674999763,5487210.301987078,4439.5945760848845
"Paris, 75012",48.84456344107123,2.3997260632083144,-423434.674999763,5487210.301987078,4938.623289946534
"22 Rue de la Voûte, 75012",48.84544973713221,2.4077068031149165,-422834.674999763,5487210.301987078,5458.021619598288
NO ADDRESS,48.84633549250714,2.4156879324802403,-422234.674999763,5487210.301987078,5992.4953066316475
"Rue du Général Lucotte, 75015",48.83531621272249,2.274900476483118,-432734.674999763,5487729.917229349,5507.2679252058815
"355 Rue Lecourbe, 75015",48.83621102365812,2.2828758394184545,-432134.674999763,5487729.917229349,4956.813492557642
"6 Rue du Clos Feuquières, 75015",48.83710529485825,2.2908515952333492,-431534.674999763,5487729.917229349,4419.2759587970395
"90 Rue de l'Abbé Groult, 75015",48.837999026256,2.2988277437156253,-430934.674999763,5487729.917229349,3900.000000000191
"17 Rue de la Procession, 75015",48.83889221778462,2.306804284653024,-430334.674999763,5487729.917229349,3407.3450074803827
NO ADDRESS,48.83978486937734,2.3147812178332132,-429734.674999763,5487729.917229349,2954.6573405390836
NO ADDRESS,48.840676980967466,2.3227585430437867,-429134.674999763,5487729.917229349,2563.20112359555
"120 Boulevard du Montparnasse, 75014",48.84156855248829,2.3307362600722814,-428534.674999763,5487729.917229349,2264.9503305815538
"18Bis Rue Henri Barbusse, 75005",48.84245958387318,2.3387143687061482,-427934.674999763,5487729.917229349,2100.0000000003547
"12 Rue Amyot, 75005",48.843350075055525,2.346692868732762,-427334.674999763,5487729.917229349,2100.0000000003547
"9 Rue Linné, 75005",48.84424002596873,2.3546717599394444,-426734.674999763,5487729.917229349,2264.9503305815538
"Quai Saint-Bernard, 75005",48.845129436546245,2.3626510421134306,-426134.674999763,5487729.917229349,2563.20112359555
NO ADDRESS,48.846018306721604,2.3706307150418757,-425534.674999763,5487729.917229349,2954.6573405390836
"109 Rue de Charenton, 75012",48.84690663642828,2.3786107785118897,-424934.674999763,5487729.917229349,3407.3450074803827
"31 Rue de Reuilly, 75012",48.847794425599844,2.3865912323104834,-424334.674999763,5487729.917229349,3900.000000000191
"323 Rue du Faubourg Saint-Antoine, 75011",48.84868167416992,2.3945720762246125,-423734.674999763,5487729.917229349,4419.2759587970395
"4 Rue de Buzenval, 75020",48.849568382072086,2.4025533100411525,-423134.674999763,5487729.917229349,4956.813492557642
"8 Rue Patrice de la Tour du Pin, 75020",48.85045454924005,2.410534933546912,-422534.674999763,5487729.917229349,5507.2679252058815
NO ADDRESS,48.839427960037256,2.269738225107652,-433034.674999763,5488249.53247162,5620.498198558633
"1 Rue de la Montagne de la Fage, 75015",48.8403231836217,2.2777140784741103,-432434.674999763,5488249.53247162,5046.781152378299
"131 Rue de Lourmel, 75015",48.84121786742299,2.285690324951051,-431834.674999763,5488249.53247162,4479.955356920517
"122 Rue de la Croix Nivert, 75015",48.842112011374304,2.293666964326264,-431234.674999763,5488249.53247162,3923.009049186713
"101 Rue Mademoiselle, 75015",48.84300561540879,2.3016439963874777,-430634.674999763,5488249.53247162,3380.8283008755175
"5 Rue Ernest Renan, 75015",48.84389867945966,2.3096214209223356,-430034.674999763,5488249.53247162,2861.8176042509835
NO ADDRESS,48.84479120346018,2.317599237718417,-429434.674999763,5488249.53247162,2381.1761799583073
"16 Rue Blaise Desgoffe, 75006",48.84568318734362,2.3255774465632224,-428834.674999763,5488249.53247162,1967.2315572908133
"26 Rue Guynemer, 75006",48.8465746310433,2.3335560472441825,-428234.674999763,5488249.53247162,1670.3293088492576
"26 Rue Soufflot, 75005",48.847465534492564,2.341535039548663,-427634.674999763,5488249.53247162,1558.8457268122584
"12 Rue des Écoles, 75005",48.848355897624785,2.3495144232639467,-427034.674999763,5488249.53247162,1670.3293088492576
"27 Quai Saint-Bernard, 75005",48.84924572037341,2.3574941981772564,-426434.674999763,5488249.53247162,1967.2315572908133
NO ADDRESS,48.85013500267186,2.3654743640757263,-425834.674999763,5488249.53247162,2381.1761799583073
"10 Passage du Chantier, 75012",48.85102374445364,2.373454920746432,-425234.674999763,5488249.53247162,2861.8176042509835
"Square Louis Majorelle, 75011",48.851911945652276,2.381435867976381,-424634.674999763,5488249.53247162,3380.8283008755175
"6 Rue Alexandre Dumas, 75011",48.852799606201316,2.3894172055524825,-424034.674999763,5488249.53247162,3923.009049186713
"96 Boulevard de Charonne, 75020",48.85368672603435,2.397398933261612,-423434.674999763,5488249.53247162,4479.955356920517
"91 Rue des Pyrénées, 75020",48.854573305085005,2.4053810508905467,-422834.674999763,5488249.53247162,5046.781152378299
NO ADDRESS,48.855459343286945,2.4133635582259894,-422234.674999763,5488249.53247162,5620.498198558633
"28 Villa Molitor, 75016",48.843539404844734,2.2645750901033326,-433334.674999763,5488769.14771389,5793.962374748422
"Voie Georges Pompidou, 75016",48.84443504116739,2.272551433882071,-432734.674999763,5488769.14771389,5204.805471869277
"10 Rue du Capitaine Ménard, 75015",48.84533013765932,2.2805281710023073,-432134.674999763,5488769.14771389,4618.441295502236
"63 Rue de Lourmel, 75015",48.84622469425361,2.2885053012518144,-431534.674999763,5488769.14771389,4036.0872141221594
"4 Rue Frémicourt, 75015",48.84711871088343,2.2964828244182796,-430934.674999763,5488769.14771389,3459.768778401293
NO ADDRESS,48.84801218748195,2.304460740289344,-430334.674999763,5488769.14771389,2893.095228297951
"16 Rue Éblé, 75007",48.84890512398236,2.3124390486525552,-429734.674999763,5488769.14771389,2343.074902772076
"Paris, 75007",48.849797520317935,2.3204177492953924,-429134.674999763,5488769.14771389,1824.828759089568
"21B Rue du Cherche-Midi, 75006",48.850689376421926,2.328396842005269,-428534.674999763,5488769.14771389,1374.7727084868875
"7 Rue Lobineau, 75006",48.85158069222766,2.3363763265695217,-427934.674999763,5488769.14771389,1081.665382639369
"17 Rue Saint-Séverin, 75005",48.85247146766847,2.3443562027754177,-427334.674999763,5488769.14771389,1081.665382639369
NO ADDRESS,48.85336170267776,2.3523364704101524,-426734.674999763,5488769.14771389,1374.7727084868875
"14 Rue Charlemagne, 75004",48.854251397188925,2.3603171292608383,-426134.674999763,5488769.14771389,1824.828759089568
"6 Impasse Jean Beausire, 75004",48.85514055113541,2.3682981791145346,-425534.674999763,5488769.14771389,2343.074902772076
"86 Rue de la Roquette, 75011",48.85602916445074,2.3762796197582117,-424934.674999763,5488769.14771389,2893.095228297951
"19 Rue de Belfort, 75011",48.8569172370684,2.3842614509787747,-424334.674999763,5488769.14771389,3459.768778401293
"194 Boulevard de Charonne, 75020",48.85780476892195,2.3922436725630645,-423734.674999763,5488769.14771389,4036.0872141221594
NO ADDRESS,48.85869175994498,2.4002262842978275,-423134.674999763,5488769.14771389,4618.441295502236
"80 Square Vitruve, 75020",48.85957821007112,2.4082092859697726,-422534.674999763,5488769.14771389,5204.805471869277
"95 Rue Jules Ferry, Bagnolet, 93170",48.86046411923402,2.416192677365506,-421934.674999763,5488769.14771389,5793.962374748422
"20 Rue des Perchamps, 75016",48.84854659619802,2.267387905430163,-433034.674999763,5489288.762956161,5424.9423960075455
"2 Villa des Glizières, 75016",48.84944210547001,2.2753651331748728,-432434.674999763,5489288.762956161,4828.043081829334
"59 Quai de Grenelle, 75015",48.85033707479678,2.2833427542799343,-431834.674999763,5489288.762956161,4232.020793899776
NO ADDRESS,48.851231504111404,2.2913207685330272,-431234.674999763,5489288.762956161,3637.306695894655
NO ADDRESS,48.85212539334705,2.29929917572176,-430634.674999763,5489288.762956161,3044.667469527681
"Paris, 75007",48.85301874243686,2.307277975633651,-430034.674999763,5489288.762956161,2455.605831561754
"Boulevard des Invalides, 75007",48.853911551314084,2.3152571680561733,-429434.674999763,5489288.762956161,1873.4993995195443
"44 Rue de Varenne, 75007",48.85480381991193,2.3232367527767117,-428834.674999763,5489288.762956161,1307.6696830622377
"45 Rue des Saints-Pères, 75006",48.85569554816368,2.3312167295825788,-428234.674999763,5489288.762956161,793.7253933194359
"11A Quai de Conti, 75006",48.85658673600267,2.3391970982610197,-427634.674999763,5489288.762956161,519.6152422707528
NO ADDRESS,48.857477383362195,2.3471778585992014,-427034.674999763,5489288.762956161,793.7253933194359
"30 Rue des Archives, 75004",48.858367490175674,2.355159010384233,-426434.674999763,5489288.762956161,1307.6696830622377
"6 Rue de Thorigny, 75003",48.85925705637652,2.3631405534031322,-425834.674999763,5489288.762956161,1873.4993995195443
"21 Rue Pelée, 75011",48.86014608189817,2.3711224874428507,-425234.674999763,5489288.762956161,2455.605831561754
"7 Rue Rochebrune, 75011",48.8610345666741,2.3791048122902807,-424634.674999763,5489288.762956161,3044.667469527681
"59 Boulevard de Ménilmontant, 75011",48.86192251063784,2.387087527732228,-424034.674999763,5489288.762956161,3637.306695894655
NO ADDRESS,48.86280991372293,2.395070633555436,-423434.674999763,5489288.762956161,4232.020793899776
"7 Rue de la Cour des Noues, 75020",48.86369677586297,2.4030541295465646,-422834.674999763,5489288.762956161,4828.043081829334
"16 Rue Joseph Python, 75020",48.864583096991566,2.4110380154922093,-422234.674999763,5489288.762956161,5424.9423960075455
"52 Boulevard de Montmorency, 75016",48.85265784861641,2.262223492906177,-433334.674999763,5489808.378198432,5700.0
"4Bis Avenue Adrien Hébrard, 75016",48.85355377075791,2.2702012112564702,-432734.674999763,5489808.378198432,5100.0
"2 Rue des Vignes, 75016",48.85444915290659,2.27817932319829,-432134.674999763,5489808.378198432,4500.0
NO ADDRESS,48.85534399499552,2.2861578285193014,-431534.674999763,5489808.378198432,3900.0
"6 Avenue Charles Floquet, 75007",48.856238296957784,2.294136727007083,-430934.674999763,5489808.378198432,3300.0
"16 Rue Augereau, 75007",48.857132058726535,2.3021160184491514,-430334.674999763,5489808.378198432,2700.0
"148 Rue de Grenelle, 75007",48.858025280234926,2.3100957026329354,-429734.674999763,5489808.378198432,2100.0
"17 Rue de Bourgogne, 75007",48.858917961416175,2.3180757793457993,-429134.674999763,5489808.378198432,1500.0
"62 Rue de Lille, 75007",48.85981010220351,2.326056248375052,-428534.674999763,5489808.378198432,900.0
NO ADDRESS,48.86070170253023,2.334037109507899,-427934.674999763,5489808.378198432,300.0
"104 Rue Saint-Honoré, 75001",48.861592762329614,2.342018362531494,-427334.674999763,5489808.378198432,300.0
"1 Rue de la Grande Truanderie, 75001",48.86248328153502,2.350000007232911,-426734.674999763,5489808.378198432,900.0
"1 Rue des Gravilliers, 75003",48.863373260079825,2.3579820433991556,-426134.674999763,5489808.378198432,1500.0
"17 Boulevard du Temple, 75003",48.86426269789743,2.3659644708171634,-425534.674999763,5489808.378198432,2100.0
"46 Avenue de la République, 75011",48.865151594921294,2.3739472892737985,-424934.674999763,5489808.378198432,2700.0
NO ADDRESS,48.8660399510849,2.3819304985558323,-424334.674999763,5489808.378198432,3300.0
"84 Rue des Amandiers, 75020",48.866927766321744,2.3899140984499985,-423734.674999763,5489808.378198432,3900.0
"78Bis Rue Villiers de l'Isle-Adam, 75020",48.8678150405654,2.397898088742928,-423134.674999763,5489808.378198432,4500.0
"41 Rue Alphonse Penaud, 75020",48.868701773749436,2.4058824692211984,-422534.674999763,5489808.378198432,5100.0
"10 Rue Parmentier, Bagnolet, 93170",48.869587965807476,2.413867239671313,-421934.674999763,5489808.378198432,5700.0
"35 Boulevard Suchet, 75016",48.8576651334258,2.265036405034787,-433034.674999763,5490327.993440703,5424.9423960075455
NO ADDRESS,48.858560928485865,2.273015007794507,-432434.674999763,5490327.993440703,4828.043081829334
"14 Rue Eugène Manuel, 75116",48.859456183438574,2.280994004164657,-431834.674999763,5490327.993440703,4232.020793899776
"3 Avenue des Nations Unies, 75016",48.86035089821696,2.288973393932816,-431234.674999763,5490327.993440703,3637.306695894655
"45 Quai Branly, 75007",48.861245072754144,2.296953176886463,-430634.674999763,5490327.993440703,3044.667469527681
"73 Quai d'Orsay, 75007",48.86213870698326,2.304933352813017,-430034.674999763,5490327.993440703,2455.605831561754
"8 Port des Invalides, 75007",48.86303180083747,2.312913921499814,-429434.674999763,5490327.993440703,1873.4993995195443
NO ADDRESS,48.86392435424996,2.320894882734139,-428834.674999763,5490327.993440703,1307.6696830622377
"220 Rue de Rivoli, 75001",48.86481636715399,2.328876236303181,-428234.674999763,5490327.993440703,793.7253933194359
"41 Place Mireille, 75001",48.86570783948283,2.3368579819940725,-427634.674999763,5490327.993440703,519.6152422707528
"23 Rue Léopold Bellan, 75002",48.866598771169784,2.3448401195938535,-427034.674999763,5490327.993440703,793.7253933194359
"7 Passage du Ponceau, 75002",48.867489162148196,2.3528226488895263,-426434.674999763,5490327.993440703,1307.6696830622377
"40 Rue René Boulanger, 75010",48.86837901235141,2.360805569667987,-425834.674999763,5490327.993440703,1873.4993995195443
NO ADDRESS,48.86926832171288,2.368788881716077,-425234.674999763,5490327.993440703,2455.605831561754
"23 Rue de Vaucouleurs, 75011",48.870157090166025,2.3767725848205608,-424634.674999763,5490327.993440703,3044.667469527681
"3A Passage Julien Lacroix, 75020",48.87104531764433,2.38475667876813,-424034.674999763,5490327.993440703,3637.306695894655
"44 Rue de l'Ermitage, 75020",48.871933004081306,2.392741163345416,-423434.674999763,5490327.993440703,4232.020793899776
"28 Rue du Borrego, 75020",48.8728201494105,2.4007260383389553,-422834.674999763,5490327.993440703,4828.043081829334
"118 Boulevard Mortier, 75020",48.87370675356549,2.4087113035352337,-422234.674999763,5490327.993440703,5424.9423960075455
NO ADDRESS,48.861776193376414,2.259870714297528,-433334.674999763,5490847.608682973,5793.962374748422
"Place de Colombie, 75016",48.86267240143736,2.26784980785619,-432734.674999763,5490847.608682973,5204.805471869277
"5 Avenue Rodin, 75116",48.86356806934333,2.2758292952566324,-432134.674999763,5490847.608682973,4618.441295502236
"27 Avenue d'Eylau, 75116",48.864463197027355,2.283809176286407,-431534.674999763,5490847.608682973,4036.0872141221594
"26 Rue de Lubeck, 75116",48.865357784422514,2.2917894507329737,-430934.674999763,5490847.608682973,3459.768778401293
"12 Avenue Marceau, 75008",48.86625183146188,2.2997701183837282,-430334.674999763,5490847.608682973,2893.095228297951
NO ADDRESS,48.86714533807861,2.307751179025993,-429734.674999763,5490847.608682973,2343.074902772076
"Allée Marcel Proust, 75008",48.86803830420583,2.3157326324470113,-429134.674999763,5490847.608682973,1824.828759089568
"24 Rue Royale, 75008",48.86893072977679,2.3237144784339687,-428534.674999763,5490847.608682973,1374.7727084868875
"19 Rue de la Paix, 75002",48.86982261472469,2.331696716773958,-427934.674999763,5490847.608682973,1081.665382639369
"98 Rue de Richelieu, 75002",48.870713958982805,2.339679347254023,-427334.674999763,5490847.608682973,1081.665382639369
"9 Rue du Faubourg Poissonnière, 75009",48.87160476248445,2.347662369661119,-426734.674999763,5490847.608682973,1374.7727084868875
NO ADDRESS,48.872495025162955,2.355645783782124,-426134.674999763,5490847.608682973,1824.828759089568
"89 Quai de Valmy, 75010",48.87338474695169,2.36362958940387,-425534.674999763,5490847.608682973,2343.074902772076
"17 Rue Jean Moinon, 75010",48.874273927784074,2.371613786313084,-424934.674999763,5490847.608682973,2893.095228297951
"17 Cité Jandelle, 75019",48.875162567593534,2.379598374296446,-424334.674999763,5490847.608682973,3459.768778401293
"28 Rue de la Villette, 75019",48.87605066631357,2.3875833531405517,-423734.674999763,5490847.608682973,4036.0872141221594
"16 Rue Henri Ribière, 75019",48.87693822387766,2.395568722631924,-423134.674999763,5490847.608682973,4618.441295502236
NO ADDRESS,48.87782524021937,2.403554482557033,-422534.674999763,5490847.608682973,5204.805471869277
NO ADDRESS,48.878711715272274,2.4115406327022417,-421934.674999763,5490847.608682973,5793.962374748422
"Chemin de Ceinture du Lac Inférieur, 75116",48.866783571663795,2.2626837231709245,-433034.674999763,5491367.223925244,5620.498198558633
"47 Avenue du Maréchal Fayolle, 75116",48.86767965261255,2.270663701582738,-432434.674999763,5491367.223925244,5046.781152378299
"27 Rue Émile Ménier, 75116",48.86857519329174,2.2786440738552995,-431834.674999763,5491367.223925244,4479.955356920517
"47 Rue Copernic, 75116",48.869470193634385,2.286624839776058,-431234.674999763,5491367.223925244,3923.009049186713
"28 Rue Dumont d'Urville, 75116",48.87036465357357,2.2946059991323757,-430634.674999763,5491367.223925244,3380.8283008755175
NO ADDRESS,48.87125857304237,2.302587551711558,-430034.674999763,5491367.223925244,2861.8176042509835
"26 Avenue Franklin Delano Roosevelt, 75008",48.87215195197393,2.3105694973008233,-429434.674999763,5491367.223925244,2381.1761799583073
"11B Rue Roquépine, 75008",48.87304479030139,2.318551835687337,-428834.674999763,5491367.223925244,1967.2315572908133
"72 Boulevard Haussmann, 75008",48.87393708795797,2.326534566658174,-428234.674999763,5491367.223925244,1670.3293088492576
"8 Avenue de Provence, 75009",48.874828844876895,2.334517690000346,-427634.674999763,5491367.223925244,1558.8457268122584
"4 Rue de Châteaudun, 75009",48.87572006099142,2.3425012055007888,-427034.674999763,5491367.223925244,1670.3293088492576
NO ADDRESS,48.876610736234866,2.350485112946371,-426434.674999763,5491367.223925244,1967.2315572908133
"Paris, 75010",48.87750087054056,2.3584694121238843,-425834.674999763,5491367.223925244,2381.1761799583073
"162 Quai de Jemmapes, 75010",48.878390463841875,2.366454102820041,-425234.674999763,5491367.223925244,2861.8176042509835
"110Bis Avenue Simón Bolívar, 75019",48.87927951607221,2.374439184821502,-424634.674999763,5491367.223925244,3380.8283008755175
"Avenue de la Grotte, 75019",48.88016802716501,2.382424657914836,-424034.674999763,5491367.223925244,3923.009049186713
"10 Villa des Boërs, 75019",48.88105599705375,2.3904105218865483,-423434.674999763,5491367.223925244,4479.955356920517
NO ADDRESS,48.88194342567194,2.398396776523073,-422834.674999763,5491367.223925244,5046.781152378299
"7 Avenue des Marronniers, Le Pré-Saint-Gervais, 93310",48.88283031295312,2.406383421610758,-422234.674999763,5491367.223925244,5620.498198558633
"Route de la Muette à Neuilly, 75116",48.87179093314892,2.265497222930472,-432734.674999763,5491886.839167514,5507.2679252055295
"Route de la Porte Dauphine à la Porte des Sablons, 75116",48.872686886912796,2.2734780864269233,-432134.674999763,5491886.839167514,4956.813492557251
"58 Rue Pergolèse, 75116",48.8735823002925,2.2814593438030624,-431534.674999763,5491886.839167514,4419.275958796601
"12 Rue Chalgrin, 75116",48.874477173221045,2.2894409948462284,-430934.674999763,5491886.839167514,3899.999999999695
NO ADDRESS,48.875371505631506,2.297423039343714,-430334.674999763,5491886.839167514,3407.3450074798147
"22 Rue Laure Diebold, 75008",48.87626529745697,2.305405477082709,-429734.674999763,5491886.839167514,2954.657340538429
"2 Rue Mollien, 75008",48.87715854863056,2.3133883078503477,-429134.674999763,5491886.839167514,2563.201123594795
"Paris, 75008",48.87805125908544,2.3213715314336976,-428534.674999763,5491886.839167514,2264.9503305806993
"1 Rue de Milan, 75009",48.878943428754795,2.32935514761974,-427934.674999763,5491886.839167514,2099.999999999433
"6 Place Gustave Toudouze, 75009",48.87983505757188,2.337339156195395,-427334.674999763,5491886.839167514,2099.999999999433
NO ADDRESS,48.880726145469936,2.3453235569474953,-426734.674999763,5491886.839167514,2264.9503305806993
"5 Rue Ambroise Paré, 75010",48.88161669238227,2.353308349662822,-426134.674999763,5491886.839167514,2563.201123594795
"3 Rue Cail, 75010",48.88250669824222,2.36129353412807,-425534.674999763,5491886.839167514,2954.657340538429
"6 Place de la Bataille de Stalingrad, 75019",48.88339616298315,2.3692791101298605,-424934.674999763,5491886.839167514,3407.3450074798147
"2Bis Passage de la Moselle, 75019",48.884285086538476,2.3772650774547515,-424334.674999763,5491886.839167514,3899.999999999695
"21 Rue Georges Auric, 75019",48.8851734688416,2.3852514358892236,-423734.674999763,5491886.839167514,4419.275958796601
NO ADDRESS,48.88606130982604,2.393238185219687,-423134.674999763,5491886.839167514,4956.813492557251
"32 Rue du 14 Juillet, Le Pré-Saint-Gervais, 93310",48.886948609425275,2.401225325232469,-422534.674999763,5491886.839167514,5507.2679252055295
"Avenue du Mahatma Gandhi, 75116",48.875901910855184,2.2603298590872902,-433034.674999763,5492406.454409785,5992.495306631245
"6 Avenue du Mahatma Gandhi, 75116",48.876798277793256,2.268311213788662,-432434.674999763,5492406.454409785,5458.0216195978455
"Allée des Érables, 75116",48.877694104299565,2.276292962601301,-431834.674999763,5492406.454409785,4938.623289946044
"72 Boulevard Gouvion-Saint-Cyr, 75017",48.87858939030704,2.2842751053125387,-431234.674999763,5492406.454409785,4439.59457608434
NO ADDRESS,48.87948413574874,2.292257641709632,-430634.674999763,5492406.454409785,3968.6269665965697
"20 Rue Théodule Ribot, 75017",48.88037834055771,2.300240571579757,-430034.674999763,5492406.454409785,3536.947836765124
"3 Rue de Logelbach, 75017",48.88127200466704,2.3082238947100335,-429434.674999763,5492406.454409785,3160.6961258554243
"131 Rue des Dames, 75017",48.88216512800985,2.3162076108874876,-428834.674999763,5492406.454409785,2861.8176042503983
"4 Rue Abel Truchet, 75017",48.883057710519296,2.3241917198990927,-428234.674999763,5492406.454409785,2666.458325194206
"Promenade Roland Lesaffre, 75018",48.88394975212858,2.3321762215317423,-427634.674999763,5492406.454409785,2598.0762113528326
NO ADDRESS,48.88484125277093,2.340161115572243,-427034.674999763,5492406.454409785,2666.458325194206
NO ADDRESS,48.88573221237961,2.3481464018073614,-426434.674999763,5492406.454409785,2861.8176042503983
"5 Rue Cavé, 75018",48.886622630887906,2.3561320800237584,-425834.674999763,5492406.454409785,3160.6961258554243
"34 Esplanade Nathalie Sarraute, 75018",48.88751250822917,2.364118150008043,-425234.674999763,5492406.454409785,3536.947836765124
"14 Rue Suzanne Masson, 75019",48.888401844336734,2.3721046115467534,-424634.674999763,5492406.454409785,3968.6269665965697
"1 Quai de l'Oise, 75019",48.88929063914403,2.3800914644263362,-424034.674999763,5492406.454409785,4439.59457608434
"Paris, 75019",48.890178892584494,2.3880787084331807,-423434.674999763,5492406.454409785,4938.623289946044
NO ADDRESS,48.89106660459156,2.3960663433536062,-422834.674999763,5492406.454409785,5458.0216195978455
"63 Avenue Jean Lolive, Pantin, 93500",48.89195377509878,2.4040543689738505,-422234.674999763,5492406.454409785,5992.495306631245
"104 Rue Charles Laffitte, Neuilly-sur-Seine, 92200",48.880909365835805,2.263143455727893,-432734.674999763,5492926.069652055,5977.457653551177
"78 Avenue Charles de Gaulle, Neuilly-sur-Seine, 92200",48.88180560555824,2.271125695958089,-432134.674999763,5492926.069652055,5474.486277268174
"40 Avenue du Roule, Neuilly-sur-Seine, 92200",48.88270130473423,2.2791083303185418,-431534.674999763,5492926.069652055,4992.995093127725
"4 Avenue de la Porte de Villiers, 75017",48.88359646329677,2.2870913585964745,-430934.674999763,5492926.069652055,4539.8237851261965
NO ADDRESS,48.884491081178844,2.2950747805790743,-430334.674999763,5492926.069652055,4124.3181254599585
"1 Rue Alphonse de Neuville, 75017",48.88538515831354,2.3030585960534045,-429734.674999763,5492926.069652055,3758.9892258421737
"19Bis Rue Jouffroy d'Abbans, 75017",48.886278694633916,2.3110428048064917,-429134.674999763,5492926.069652055,3459.768778400884
"67 Rue Truffaut, 75017",48.8871716900731,2.3190274066252714,-428534.674999763,5492926.069652055,3244.996147917212
"15Bis Villa des Arts, 75018",48.888064144564275,2.327012401296622,-427934.674999763,5492926.069652055,3132.091952672773
"48 Rue Caulaincourt, 75018",48.88895605804059,2.334997788607333,-427334.674999763,5492926.069652055,3132.091952672773
NO ADDRESS,48.88984743043532,2.342983568344143,-426734.674999763,5492926.069652055,3244.996147917212
"46 Rue Marcadet, 75018",48.89073826168168,2.3509697402936887,-426134.674999763,5492926.069652055,3459.768778400884
"19 Rue de la Chapelle, 75018",48.891628551713,2.358956304242564,-425534.674999763,5492926.069652055,3758.9892258421737
"Paris, 75018",48.892518300462584,2.3669432599772713,-424934.674999763,5492926.069652055,4124.3181254599585
"105Bis Rue de l'Ourcq, 75019",48.8934075078638,2.3749306072842478,-424334.674999763,5492926.069652055,4539.8237851261965
"19 Rue Rouvet, 75019",48.89429617385006,2.382918345949855,-423734.674999763,5492926.069652055,4992.995093127725
NO ADDRESS,48.89518429835479,2.390906475760386,-423134.674999763,5492926.069652055,5474.486277268174
"Chemin de Halage, Pantin, 93500",48.89607188131145,2.3988949965020603,-422534.674999763,5492926.069652055,5977.457653551177
"45 Rue Pauline Borghèse, Neuilly-sur-Seine, 92200",48.88681291640531,2.2739406696514317,-431834.674999763,5493445.684894326,5556.077753235441
"31 Rue de Villiers, Neuilly-sur-Seine, 92200",48.887708488178255,2.2819241897913893,-431234.674999763,5493445.684894326,5117.616632769378
"14 Rue Jacques Ibert, Levallois-Perret, 92300",48.88860351922306,2.289908103867711,-430634.674999763,5493445.684894326,4714.870093650278
"24 Boulevard de Reims, 75017",48.889498009472725,2.2978924116674535,-430034.674999763,5493445.684894326,4357.751713899931
NO ADDRESS,48.89039195886031,2.305877112977619,-429434.674999763,5493445.684894326,4058.3247775403324
"Parc Clichy-Batignolles-Martin Luther King, 75017",48.89128536731892,2.313862207585124,-428834.674999763,5493445.684894326,3830.1436004408224
NO ADDRESS,48.89217823478164,2.321847695276816,-428234.674999763,5493445.684894326,3686.461718233052
NO ADDRESS,48.89307056118164,2.3298335758394724,-427634.674999763,5493445.684894326,3637.306695894338
NO ADDRESS,48.89396234645211,2.337819849059797,-427034.674999763,5493445.684894326,3686.461718233052
NO ADDRESS,48.894853590526274,2.345806514724422,-426434.674999763,5493445.684894326,3830.1436004408224
NO ADDRESS,48.89574429333738,2.3537935726199004,-425834.674999763,5493445.684894326,4058.3247775403324
NO ADDRESS,48.89663445481874,2.3617810225327207,-425234.674999763,5493445.684894326,4357.751713899931
NO ADDRESS,48.89752407490365,2.3697688642492967,-424634.674999763,5493445.684894326,4714.870093650278
NO ADDRESS,48.89841315352552,2.377757097555964,-424034.674999763,5493445.684894326,5117.616632769378
NO ADDRESS,48.8993016906177,2.385745722239007,-423434.674999763,5493445.684894326,5556.077753235441
NO ADDRESS,48.89182021029585,2.2767561350814796,-431534.674999763,5493965.300136597,5699.999999999844
NO ADDRESS,48.892715654593,2.284740541232708,-430934.674999763,5493965.300136597,5307.541803886072
NO ADDRESS,48.893610558047286,2.2927253413391475,-430334.674999763,5493965.300136597,4956.813492557312
NO ADDRESS,48.89450492059175,2.300710535187769,-429734.674999763,5493965.300136597,4657.2524088778155
NO ADDRESS,48.895398742159415,2.3086961225654696,-429134.674999763,5493965.300136597,4419.275958796668
NO ADDRESS,48.89629202268338,2.3166821032590685,-428534.674999763,5493965.300136597,4253.234063627137
NO ADDRESS,48.89718476209674,2.3246684770553334,-427934.674999763,5493965.300136597,4167.733196834727
NO ADDRESS,48.89807696033269,2.332655243740932,-427334.674999763,5493965.300136597,4167.733196834727
NO ADDRESS,48.89896861732438,2.340642403102482,-426734.674999763,5493965.300136597,4253.234063627137
NO ADDRESS,48.89985973300504,2.3486299549265097,-426134.674999763,5493965.300136597,4419.275958796668
NO ADDRESS,48.90075030730793,2.356617898999487,-425534.674999763,5493965.300136597,4657.2524088778155
NO ADDRESS,48.90164034016634,2.364606235107801,-424934.674999763,5493965.300136597,4956.813492557312
NO ADDRESS,48.90252983151358,2.3725949630377663,-424334.674999763,5493965.300136597,5307.541803886072
NO ADDRESS,48.90341878128303,2.380584082575642,-423734.674999763,5493965.300136597,5699.999999999844
NO ADDRESS,48.896827487191295,2.279572092461081,-431234.674999763,5494484.915378868,5901.694671871702
NO ADDRESS,48.89772280393985,2.2875573848554325,-430634.674999763,5494484.915378868,5556.077753235535
NO ADDRESS,48.89861757973083,2.295543071223812,-430034.674999763,5494484.915378868,5256.424640380458
NO ADDRESS,48.89951181449725,2.3035291513531058,-429434.674999763,5494484.915378868,5010.987926546903
NO ADDRESS,48.90040550817215,2.311515625030115,-428834.674999763,5494484.915378868,4828.043081829203
NO ADDRESS,48.90129866068861,2.3195024920415688,-428234.674999763,5494484.915378868,4714.870093650389
NO ADDRESS,48.902191271979724,2.327489752174131,-427634.674999763,5494484.915378868,4676.537180435844
NO ADDRESS,48.903083341978686,2.33547740521438,-427034.674999763,5494484.915378868,4714.870093650389
NO ADDRESS,48.90397487061865,2.3434654509488366,-426434.674999763,5494484.915378868,4828.043081829203
NO ADDRESS,48.90486585783284,2.35145388916394,-425834.674999763,5494484.915378868,5010.987926546903
NO ADDRESS,48.905756303554526,2.359442719646051,-425234.674999763,5494484.915378868,5256.424640380458
NO ADDRESS,48.906646207716975,2.3674319421814745,-424634.674999763,5494484.915378868,5556.077753235535
NO ADDRESS,48.90753557025352,2.3754215565564327,-424034.674999763,5494484.915378868,5901.694671871702
NO ADDRESS,48.90272993618019,2.290374720872606,-430334.674999763,5495004.530621138,5855.7663887829085
NO ADDRESS,48.90362458423503,2.2983612937348177,-429734.674999763,5495004.530621138,5604.462507680789
NO ADDRESS,48.904518691150564,2.30634826037666,-429134.674999763,5495004.530621138,5408.32691319595
NO ADDRESS,48.905412256859805,2.3143356205848233,-428534.674999763,5495004.530621138,5273.518749374049
NO ADDRESS,48.90630528129586,2.322323374145956,-427934.674999763,5495004.530621138,5204.8054718692065
NO ADDRESS,48.90719776439183,2.3303115208466187,-427334.674999763,5495004.530621138,5204.8054718692065
NO ADDRESS,48.90808970608087,2.3383000604732995,-426734.674999763,5495004.530621138,5273.518749374049
NO ADDRESS,48.90898110629615,2.346288992812419,-426134.674999763,5495004.530621138,5408.32691319595
NO ADDRESS,48.90987196497089,2.3542783176503272,-425534.674999763,5495004.530621138,5604.462507680789
NO ADDRESS,48.91076228203836,2.3622680347732885,-424934.674999763,5495004.530621138,5855.7663887829085
NO ADDRESS,48.90863157152122,2.301180009085375,-429434.674999763,5495524.145863409,5992.495306631506
NO ADDRESS,48.909525550512996,2.3091678624716994,-428834.674999763,5495524.145863409,5840.3767001795895
NO ADDRESS,48.91041898818372,2.3171561094429376,-428234.674999763,5495524.145863409,5747.173218200459
NO ADDRESS,48.91131188446646,2.325144749785648,-427634.674999763,5495524.145863409,5715.767664977349
NO ADDRESS,48.912204239294326,2.3331337832862817,-427034.674999763,5495524.145863409,5747.173218200459
NO ADDRESS,48.9130960526005,2.341123209731247,-426434.674999763,5495524.145863409,5840.3767001795895
NO ADDRESS,48.91398732431812,2.3491130289068605,-425834.674999763,5495524.145863409,5992.495306631506
